Month	Year	Rainfall	WPI	Crop	Season	Prev_Month_WPI	Temperature
4	2012	47.5	104.8	Wheat	2	167.8938272	21.13527936
5	2012	31.7	105.2	Wheat	2	104.8	19.89531576
6	2012	117.8	106.7	Wheat	0	105.2	19.0669503
7	2012	250.2	107.9	Wheat	0	106.7	24.86742036
8	2012	262.4	109.3	Wheat	0	107.9	29.891688
9	2012	193.5	110.6	Wheat	0	109.3	27.33756345
10	2012	58.7	111.4	Wheat	1	110.6	34.05984894
11	2012	30.7	112.8	Wheat	1	111.4	18.0248411
12	2012	11.7	113.5	Wheat	3	112.8	23.06213715
1	2013	11.3	114.9	Wheat	3	113.5	30.89396986
2	2013	40.1	116.2	Wheat	3	114.9	24.81041015
3	2013	15.7	117.8	Wheat	2	116.2	28.56160665
4	2013	30.4	119.3	Wheat	2	117.8	34.73186665
5	2013	57.8	120.7	Wheat	2	119.3	22.70578942
6	2013	219.8	122.4	Wheat	0	120.7	31.97920479
7	2013	310	124.1	Wheat	0	122.4	21.12191173
8	2013	254.7	125.6	Wheat	0	124.1	26.17651312
9	2013	152.7	126.9	Wheat	0	125.6	31.38790185
10	2013	129.4	128.3	Wheat	1	126.9	30.62969822
11	2013	14	129.7	Wheat	1	128.3	32.23638123
12	2013	6.7	131.2	Wheat	3	129.7	21.4082253
1	2014	19.2	132.8	Wheat	3	131.2	25.89060606
2	2014	27.4	134.5	Wheat	3	132.8	22.5040987
3	2014	36.1	136.9	Wheat	2	134.5	24.09414642
4	2014	22.2	138.4	Wheat	2	136.9	30.94764675
5	2014	72.9	140.2	Wheat	2	138.4	23.2279225
6	2014	95.4	142.1	Wheat	0	140.2	32.67071351
7	2014	261.2	144.7	Wheat	0	142.1	33.84970207
8	2014	237.5	146.3	Wheat	0	144.7	21.28435925
9	2014	188	148.1	Wheat	0	146.3	25.18503122
10	2014	60.2	149.8	Wheat	1	148.1	28.53727778
11	2014	14.4	151.3	Wheat	1	149.8	21.05328967
12	2014	10.7	152.9	Wheat	3	151.3	25.59867422
1	2015	17.4	154.7	Wheat	3	152.9	20.26589603
2	2015	21	156.3	Wheat	3	154.7	32.24003204
3	2015	62	158.1	Wheat	2	156.3	31.6040945
4	2015	69.4	159.8	Wheat	2	158.1	22.70280647
5	2015	53.8	161.6	Wheat	2	159.8	19.71478848
6	2015	192.8	163.4	Wheat	0	161.6	32.61318388
7	2015	242.4	165.2	Wheat	0	163.4	28.42297385
8	2015	205.2	166.9	Wheat	0	165.2	19.54625165
9	2015	131.8	168.5	Wheat	0	166.9	34.43929503
10	2015	42.9	170.3	Wheat	1	168.5	29.85918769
11	2015	39.4	172.1	Wheat	1	170.3	21.37902503
12	2015	15	173.8	Wheat	3	172.1	25.62173816
1	2016	19.3	175.6	Wheat	3	173.8	34.26334603
2	2016	22.8	177.4	Wheat	3	175.6	33.37334548
3	2016	27.6	179.2	Wheat	2	177.4	21.78715858
4	2016	37.4	181.1	Wheat	2	179.2	29.48351013
5	2016	62.6	182.9	Wheat	2	181.1	29.04407592
6	2016	168.3	184.7	Wheat	0	182.9	28.16603289
7	2016	289.1	186.5	Wheat	0	184.7	18.86380297
8	2016	256.3	188.3	Wheat	0	186.5	33.64041816
9	2016	171.9	190.1	Wheat	0	188.3	26.54419082
10	2016	76.1	191.8	Wheat	1	190.1	32.49050726
11	2016	29.7	193.6	Wheat	1	191.8	33.54662582
12	2016	14.9	195.4	Wheat	3	193.6	30.25971377
1	2017	19	197.2	Wheat	3	195.4	33.60361674
2	2017	22.6	199.1	Wheat	3	197.2	32.1330341
3	2017	27.8	200.9	Wheat	2	199.1	22.45529357
4	2017	37.9	202.6	Wheat	2	200.9	33.89533061
5	2017	62.4	204.4	Wheat	2	202.6	23.83245433
6	2017	168.1	206.2	Wheat	0	204.4	22.87903529
7	2017	289.3	208.1	Wheat	0	206.2	22.40047917
8	2017	256.2	209.8	Wheat	0	208.1	20.8678956
9	2017	171.5	211.5	Wheat	0	209.8	19.79986635
10	2017	76.3	213.2	Wheat	1	211.5	18.01423181
11	2017	29.9	214.9	Wheat	1	213.2	33.92408726
12	2017	15	216.7	Wheat	3	214.9	30.79404148
1	2018	19.2	218.4	Wheat	3	216.7	30.04151192
2	2018	20.1	220.2	Wheat	3	218.4	30.97932561
3	2018	27.1	222.1	Wheat	2	220.2	24.59083043
4	2018	40.2	223.9	Wheat	2	222.1	31.76846943
5	2018	62.7	225.7	Wheat	2	223.9	33.38080505
6	2018	165	227.5	Wheat	0	225.7	29.78915168
7	2018	286.3	229.3	Wheat	0	227.5	18.7115332
8	2018	254.3	231.1	Wheat	0	229.3	18.6248415
9	2018	171.9	232.8	Wheat	0	231.1	24.77060637
10	2018	77.2	234.6	Wheat	1	232.8	29.54909264
11	2018	28.1	236.4	Wheat	1	234.6	19.15047295
12	2018	14.1	238.2	Wheat	3	236.4	24.88278463
4	2012	47.5	85.2	Tomato	2	116.6604938	31.04872649
5	2012	31.7	87.5	Tomato	2	85.2	23.08804973
6	2012	117.8	89.3	Tomato	0	87.5	19.80715517
7	2012	250.2	92.8	Tomato	0	89.3	33.32934193
8	2012	262.4	95.6	Tomato	0	92.8	22.9318176
9	2012	193.5	93.4	Tomato	0	95.6	30.45770211
10	2012	58.7	90.2	Tomato	1	93.4	21.18041303
11	2012	30.7	88.7	Tomato	1	90.2	31.52730163
12	2012	11.7	87.3	Tomato	3	88.7	18.07889338
1	2013	11.3	86.9	Tomato	3	87.3	30.59469389
2	2013	40.1	89.4	Tomato	3	86.9	25.76720147
3	2013	15.7	91.2	Tomato	2	89.4	24.42046978
4	2013	30.4	93.5	Tomato	2	91.2	27.95707434
5	2013	57.8	95.8	Tomato	2	93.5	19.48335829
6	2013	219.8	98.2	Tomato	0	95.8	19.65290933
7	2013	310	101.5	Tomato	0	98.2	19.58320051
8	2013	254.7	99.8	Tomato	0	101.5	26.05940663
9	2013	152.7	97.3	Tomato	0	99.8	21.42211641
10	2013	129.4	95.6	Tomato	1	97.3	30.50851333
11	2013	14	94.2	Tomato	1	95.6	33.198693
12	2013	6.7	93.8	Tomato	3	94.2	18.66426875
1	2014	19.2	95.3	Tomato	3	93.8	22.45562803
2	2014	27.4	97.8	Tomato	3	95.3	29.13801324
3	2014	36.1	102.4	Tomato	2	97.8	28.88256592
4	2014	22.2	106.9	Tomato	2	102.4	31.4752201
5	2014	72.9	108.3	Tomato	2	106.9	29.45704248
6	2014	95.4	110.7	Tomato	0	108.3	33.90550786
7	2014	261.2	115.2	Tomato	0	110.7	27.13728612
8	2014	237.5	118.9	Tomato	0	115.2	31.68683394
9	2014	188	116.4	Tomato	0	118.9	33.00164862
10	2014	60.2	113.8	Tomato	1	116.4	20.33648361
11	2014	14.4	111.5	Tomato	1	113.8	31.88892935
12	2014	10.7	109.8	Tomato	3	111.5	19.92933242
1	2015	17.4	112.6	Tomato	3	109.8	30.73380353
2	2015	21	114.9	Tomato	3	112.6	24.49304042
3	2015	62	117.3	Tomato	2	114.9	25.8297406
4	2015	69.4	119.7	Tomato	2	117.3	20.97674103
5	2015	53.8	122.4	Tomato	2	119.7	25.5949692
6	2015	192.8	125.8	Tomato	0	122.4	23.20509079
7	2015	242.4	128.3	Tomato	0	125.8	27.01186897
8	2015	205.2	126.7	Tomato	0	128.3	25.23983342
9	2015	131.8	124.2	Tomato	0	126.7	29.98210592
10	2015	42.9	121.9	Tomato	1	124.2	34.1426438
11	2015	39.4	119.6	Tomato	1	121.9	30.06633845
12	2015	15	117.8	Tomato	3	119.6	20.87648282
1	2016	19.3	115.9	Tomato	3	117.8	34.53399291
2	2016	22.8	118.4	Tomato	3	115.9	23.495525
3	2016	27.6	121.6	Tomato	2	118.4	33.40884121
4	2016	37.4	124.8	Tomato	2	121.6	32.02191891
5	2016	62.6	127.9	Tomato	2	124.8	23.1022238
6	2016	168.3	131.2	Tomato	0	127.9	28.17091736
7	2016	289.1	134.5	Tomato	0	131.2	30.14944371
8	2016	256.3	132.8	Tomato	0	134.5	26.67351758
9	2016	171.9	130.1	Tomato	0	132.8	23.29143132
10	2016	76.1	127.6	Tomato	1	130.1	25.86108159
11	2016	29.7	125.3	Tomato	1	127.6	28.63522379
12	2016	14.9	123.7	Tomato	3	125.3	27.5848488
1	2017	19	121.8	Tomato	3	123.7	33.12327499
2	2017	22.6	124.5	Tomato	3	121.8	32.96968418
3	2017	27.8	127.3	Tomato	2	124.5	24.4302312
4	2017	37.9	129.8	Tomato	2	127.3	25.57989133
5	2017	62.4	132.6	Tomato	2	129.8	27.28828796
6	2017	168.1	135.4	Tomato	0	132.6	28.58043264
7	2017	289.3	138.7	Tomato	0	135.4	23.97269776
8	2017	256.2	136.9	Tomato	0	138.7	32.71877088
9	2017	171.5	134.2	Tomato	0	136.9	32.70467357
10	2017	76.3	131.5	Tomato	1	134.2	25.68223426
11	2017	29.9	128.9	Tomato	1	131.5	23.09332438
12	2017	15	126.4	Tomato	3	128.9	31.74347923
1	2018	19.2	124.3	Tomato	3	126.4	18.28814544
2	2018	20.1	127.1	Tomato	3	124.3	18.71465701
3	2018	27.1	129.9	Tomato	2	127.1	30.81796498
4	2018	40.2	132.4	Tomato	2	129.9	29.86556117
5	2018	62.7	135.8	Tomato	2	132.4	30.38617231
6	2018	165	138.9	Tomato	0	135.8	33.8935732
7	2018	286.3	142.3	Tomato	0	138.9	33.48784634
8	2018	254.3	145.6	Tomato	0	142.3	19.78532458
9	2018	171.9	143.2	Tomato	0	145.6	24.19703772
10	2018	77.2	140.7	Tomato	1	143.2	21.56794409
11	2018	28.1	148.9	Tomato	1	140.7	18.66065583
12	2018	14.1	153.2	Tomato	3	148.9	29.6383543
4	2012	47.5	78.4	SweetPotato	2	112.5925926	32.9871268
5	2012	31.7	79.8	SweetPotato	2	78.4	18.52267629
6	2012	117.8	81.2	SweetPotato	0	79.8	22.52060089
7	2012	250.2	83.5	SweetPotato	0	81.2	21.73173044
8	2012	262.4	86.9	SweetPotato	0	83.5	18.15686455
9	2012	193.5	85.2	SweetPotato	0	86.9	29.90117708
10	2012	58.7	82.6	SweetPotato	1	85.2	21.82645736
11	2012	30.7	80.9	SweetPotato	1	82.6	21.33710873
12	2012	11.7	79.3	SweetPotato	3	80.9	28.98977761
1	2013	11.3	78.7	SweetPotato	3	79.3	22.5543486
2	2013	40.1	80.4	SweetPotato	3	78.7	19.63678601
3	2013	15.7	82.9	SweetPotato	2	80.4	20.50546438
4	2013	30.4	85.6	SweetPotato	2	82.9	21.11452349
5	2013	57.8	88.3	SweetPotato	2	85.6	32.35671155
6	2013	219.8	91.7	SweetPotato	0	88.3	31.7029056
7	2013	310	94.8	SweetPotato	0	91.7	19.44792988
8	2013	254.7	92.5	SweetPotato	0	94.8	19.98371387
9	2013	152.7	89.7	SweetPotato	0	92.5	30.09854815
10	2013	129.4	87.3	SweetPotato	1	89.7	19.93944447
11	2013	14	85.9	SweetPotato	1	87.3	30.84534427
12	2013	6.7	84.6	SweetPotato	3	85.9	24.16366024
1	2014	19.2	86.8	SweetPotato	3	84.6	34.40024466
2	2014	27.4	89.5	SweetPotato	3	86.8	27.42120859
3	2014	36.1	93.7	SweetPotato	2	89.5	29.34243339
4	2014	22.2	97.8	SweetPotato	2	93.7	30.83122925
5	2014	72.9	101.4	SweetPotato	2	97.8	28.82085987
6	2014	95.4	104.9	SweetPotato	0	101.4	18.17834645
7	2014	261.2	109.3	SweetPotato	0	104.9	19.11484975
8	2014	237.5	112.8	SweetPotato	0	109.3	25.62506234
9	2014	188	110.2	SweetPotato	0	112.8	34.72310704
10	2014	60.2	107.4	SweetPotato	1	110.2	20.47125282
11	2014	14.4	104.9	SweetPotato	1	107.4	22.16391797
12	2014	10.7	102.6	SweetPotato	3	104.9	21.29033697
1	2015	17.4	105.8	SweetPotato	3	102.6	29.82151154
2	2015	21	108.9	SweetPotato	3	105.8	27.49937909
3	2015	62	112.3	SweetPotato	2	108.9	26.23923223
4	2015	69.4	115.6	SweetPotato	2	112.3	24.33213651
5	2015	53.8	118.9	SweetPotato	2	115.6	32.55618339
6	2015	192.8	122.7	SweetPotato	0	118.9	23.06897731
7	2015	242.4	125.9	SweetPotato	0	122.7	33.14321543
8	2015	205.2	123.8	SweetPotato	0	125.9	18.31510129
9	2015	131.8	120.9	SweetPotato	0	123.8	33.02871101
10	2015	42.9	118.3	SweetPotato	1	120.9	32.75253396
11	2015	39.4	115.8	SweetPotato	1	118.3	18.75682596
12	2015	15	113.5	SweetPotato	3	115.8	31.94610888
1	2016	19.3	111.4	SweetPotato	3	113.5	31.90051333
2	2016	22.8	114.7	SweetPotato	3	111.4	22.41702735
3	2016	27.6	118.3	SweetPotato	2	114.7	29.10024391
4	2016	37.4	121.9	SweetPotato	2	118.3	27.79259332
5	2016	62.6	125.6	SweetPotato	2	121.9	22.18082145
6	2016	168.3	129.4	SweetPotato	0	125.6	26.93041286
7	2016	289.1	133.2	SweetPotato	0	129.4	18.58718743
8	2016	256.3	130.9	SweetPotato	0	133.2	19.39194236
9	2016	171.9	127.8	SweetPotato	0	130.9	29.12207062
10	2016	76.1	124.9	SweetPotato	1	127.8	33.6789616
11	2016	29.7	122.1	SweetPotato	1	124.9	33.51486323
12	2016	14.9	119.8	SweetPotato	3	122.1	28.96962964
1	2017	19	117.5	SweetPotato	3	119.8	26.65210109
2	2017	22.6	120.9	SweetPotato	3	117.5	29.60008583
3	2017	27.8	124.6	SweetPotato	2	120.9	33.88344078
4	2017	37.9	128.2	SweetPotato	2	124.6	28.22367541
5	2017	62.4	131.9	SweetPotato	2	128.2	19.4944748
6	2017	168.1	135.7	SweetPotato	0	131.9	19.98193552
7	2017	289.3	139.6	SweetPotato	0	135.7	22.29656977
8	2017	256.2	137.2	SweetPotato	0	139.6	33.3355352
9	2017	171.5	134.1	SweetPotato	0	137.2	25.39260152
10	2017	76.3	130.9	SweetPotato	1	134.1	23.87466333
11	2017	29.9	127.8	SweetPotato	1	130.9	25.82104652
12	2017	15	124.9	SweetPotato	3	127.8	33.05223748
1	2018	19.2	122.1	SweetPotato	3	124.9	19.54317718
2	2018	20.1	125.7	SweetPotato	3	122.1	20.34663494
3	2018	27.1	129.4	SweetPotato	2	125.7	24.08136129
4	2018	40.2	133.1	SweetPotato	2	129.4	33.14494112
5	2018	62.7	137.2	SweetPotato	2	133.1	28.69443289
6	2018	165	141.3	SweetPotato	0	137.2	20.8637316
7	2018	286.3	145.6	SweetPotato	0	141.3	26.42293003
8	2018	254.3	148.9	SweetPotato	0	145.6	21.57115604
9	2018	171.9	146.1	SweetPotato	0	148.9	18.25427571
10	2018	77.2	143.2	SweetPotato	1	146.1	30.21688149
11	2018	28.1	152.4	SweetPotato	1	143.2	32.88407609
12	2018	14.1	157.8	SweetPotato	3	152.4	30.51906196
4	2012	47.5	108.2	Sunflower	2	248.1975309	26.68117392
5	2012	31.7	109.6	Sunflower	2	108.2	27.79986457
6	2012	117.8	111.4	Sunflower	0	109.6	18.31815867
7	2012	250.2	114.3	Sunflower	0	111.4	18.00701557
8	2012	262.4	117.6	Sunflower	0	114.3	30.74616288
9	2012	193.5	119.8	Sunflower	0	117.6	26.69437064
10	2012	58.7	121.9	Sunflower	1	119.8	26.5362865
11	2012	30.7	123.7	Sunflower	1	121.9	28.89018141
12	2012	11.7	125.4	Sunflower	3	123.7	20.36260764
1	2013	11.3	127.3	Sunflower	3	125.4	28.49955426
2	2013	40.1	129.6	Sunflower	3	127.3	25.86929046
3	2013	15.7	132.1	Sunflower	2	129.6	29.10038542
4	2013	30.4	134.8	Sunflower	2	132.1	24.94180089
5	2013	57.8	137.6	Sunflower	2	134.8	19.97995106
6	2013	219.8	140.7	Sunflower	0	137.6	29.67342062
7	2013	310	144.1	Sunflower	0	140.7	34.05828798
8	2013	254.7	147.2	Sunflower	0	144.1	32.8062434
9	2013	152.7	150.1	Sunflower	0	147.2	33.82123954
10	2013	129.4	153.2	Sunflower	1	150.1	22.90443836
11	2013	14	156.3	Sunflower	1	153.2	25.59888741
12	2013	6.7	159.2	Sunflower	3	156.3	31.33672154
1	2014	19.2	162.4	Sunflower	3	159.2	20.91066439
2	2014	27.4	165.7	Sunflower	3	162.4	20.87922377
3	2014	36.1	169.6	Sunflower	2	165.7	20.58979199
4	2014	22.2	173.4	Sunflower	2	169.6	19.85122336
5	2014	72.9	177.3	Sunflower	2	173.4	18.69822047
6	2014	95.4	181.4	Sunflower	0	177.3	24.73602759
7	2014	261.2	186.1	Sunflower	0	181.4	30.27937465
8	2014	237.5	190.3	Sunflower	0	186.1	20.18570955
9	2014	188	194.2	Sunflower	0	190.3	30.72899811
10	2014	60.2	198.1	Sunflower	1	194.2	25.37836139
11	2014	14.4	201.7	Sunflower	1	198.1	31.37402737
12	2014	10.7	205.3	Sunflower	3	201.7	29.10432928
1	2015	17.4	209.4	Sunflower	3	205.3	31.55271997
2	2015	21	213.3	Sunflower	3	209.4	23.76889474
3	2015	62	217.6	Sunflower	2	213.3	33.02600836
4	2015	69.4	221.9	Sunflower	2	217.6	32.40877329
5	2015	53.8	226.4	Sunflower	2	221.9	29.23795907
6	2015	192.8	231.2	Sunflower	0	226.4	23.94878191
7	2015	242.4	235.8	Sunflower	0	231.2	29.05514567
8	2015	205.2	240.1	Sunflower	0	235.8	22.5399887
9	2015	131.8	244.3	Sunflower	0	240.1	32.07489689
10	2015	42.9	248.4	Sunflower	1	244.3	18.3315427
11	2015	39.4	252.6	Sunflower	1	248.4	28.12415402
12	2015	15	256.6	Sunflower	3	252.6	32.80991012
1	2016	19.3	260.9	Sunflower	3	256.6	23.78636574
2	2016	22.8	265.1	Sunflower	3	260.9	23.22583425
3	2016	27.6	269.7	Sunflower	2	265.1	33.8253623
4	2016	37.4	274.2	Sunflower	2	269.7	19.04611991
5	2016	62.6	278.9	Sunflower	2	274.2	18.56642262
6	2016	168.3	283.7	Sunflower	0	278.9	21.34677172
7	2016	289.1	288.6	Sunflower	0	283.7	30.00907787
8	2016	256.3	293.4	Sunflower	0	288.6	27.03137486
9	2016	171.9	297.9	Sunflower	0	293.4	26.71883533
10	2016	76.1	302.4	Sunflower	1	297.9	26.05033028
11	2016	29.7	306.8	Sunflower	1	302.4	30.3694395
12	2016	14.9	311.3	Sunflower	3	306.8	28.78852269
1	2017	19	315.8	Sunflower	3	311.3	18.33983509
2	2017	22.6	320.4	Sunflower	3	315.8	19.6948111
3	2017	27.8	325.1	Sunflower	2	320.4	30.3563092
4	2017	37.9	329.7	Sunflower	2	325.1	29.44501065
5	2017	62.4	334.5	Sunflower	2	329.7	28.05486706
6	2017	168.1	339.3	Sunflower	0	334.5	31.38841018
7	2017	289.3	344.2	Sunflower	0	339.3	33.40050912
8	2017	256.2	349.1	Sunflower	0	344.2	21.22338524
9	2017	171.5	353.8	Sunflower	0	349.1	18.7352946
10	2017	76.3	358.4	Sunflower	1	353.8	18.23077611
11	2017	29.9	363.1	Sunflower	1	358.4	24.99164198
12	2017	15	367.8	Sunflower	3	363.1	22.19621814
1	2018	19.2	372.6	Sunflower	3	367.8	33.51611578
2	2018	20.1	377.4	Sunflower	3	372.6	33.78787144
3	2018	27.1	382.3	Sunflower	2	377.4	19.48710425
4	2018	40.2	387.2	Sunflower	2	382.3	27.20410278
5	2018	62.7	392.3	Sunflower	2	387.2	18.47026526
6	2018	165	397.4	Sunflower	0	392.3	32.64513158
7	2018	286.3	402.6	Sunflower	0	397.4	28.02459078
8	2018	254.3	407.8	Sunflower	0	402.6	21.22015567
9	2018	171.9	412.9	Sunflower	0	407.8	26.47147949
10	2018	77.2	418.1	Sunflower	1	412.9	32.83757949
11	2018	28.1	423.4	Sunflower	1	418.1	26.35069978
12	2018	14.1	428.7	Sunflower	3	423.4	27.70031078
4	2012	47.5	76.8	Sugarcane	2	119.8839506	20.80792676
5	2012	31.7	77.9	Sugarcane	2	76.8	33.71081289
6	2012	117.8	79.4	Sugarcane	0	77.9	26.73023058
7	2012	250.2	81.6	Sugarcane	0	79.4	20.14345772
8	2012	262.4	84.3	Sugarcane	0	81.6	28.26343928
9	2012	193.5	82.8	Sugarcane	0	84.3	21.59305782
10	2012	58.7	80.7	Sugarcane	1	82.8	27.57306791
11	2012	30.7	79.2	Sugarcane	1	80.7	28.41587592
12	2012	11.7	77.8	Sugarcane	3	79.2	24.30812029
1	2013	11.3	77.1	Sugarcane	3	77.8	21.98731259
2	2013	40.1	78.9	Sugarcane	3	77.1	25.48430152
3	2013	15.7	81.2	Sugarcane	2	78.9	25.10154533
4	2013	30.4	83.8	Sugarcane	2	81.2	22.86833368
5	2013	57.8	86.7	Sugarcane	2	83.8	27.31427098
6	2013	219.8	89.9	Sugarcane	0	86.7	18.01291687
7	2013	310	93.4	Sugarcane	0	89.9	20.50359977
8	2013	254.7	91.2	Sugarcane	0	93.4	22.09186702
9	2013	152.7	88.6	Sugarcane	0	91.2	31.60949282
10	2013	129.4	86.4	Sugarcane	1	88.6	24.02056864
11	2013	14	84.9	Sugarcane	1	86.4	21.87262232
12	2013	6.7	83.6	Sugarcane	3	84.9	31.30110859
1	2014	19.2	85.7	Sugarcane	3	83.6	32.84334671
2	2014	27.4	88.3	Sugarcane	3	85.7	29.76864965
3	2014	36.1	92.4	Sugarcane	2	88.3	25.73845003
4	2014	22.2	96.4	Sugarcane	2	92.4	18.67396756
5	2014	72.9	99.8	Sugarcane	2	96.4	29.64433095
6	2014	95.4	103.6	Sugarcane	0	99.8	30.47662645
7	2014	261.2	108.2	Sugarcane	0	103.6	34.98355378
8	2014	237.5	111.9	Sugarcane	0	108.2	21.30866339
9	2014	188	109.3	Sugarcane	0	111.9	26.18892911
10	2014	60.2	106.5	Sugarcane	1	109.3	29.27989619
11	2014	14.4	104.1	Sugarcane	1	106.5	18.05452033
12	2014	10.7	101.9	Sugarcane	3	104.1	24.33701095
1	2015	17.4	105.2	Sugarcane	3	101.9	19.64689126
2	2015	21	108.6	Sugarcane	3	105.2	34.13109169
3	2015	62	112.6	Sugarcane	2	108.6	18.53441862
4	2015	69.4	116.4	Sugarcane	2	112.6	31.9273191
5	2015	53.8	120.5	Sugarcane	2	116.4	25.91263583
6	2015	192.8	124.9	Sugarcane	0	120.5	26.76011701
7	2015	242.4	129.1	Sugarcane	0	124.9	25.05436589
8	2015	205.2	126.9	Sugarcane	0	129.1	23.87394059
9	2015	131.8	124.1	Sugarcane	0	126.9	30.65720428
10	2015	42.9	121.6	Sugarcane	1	124.1	25.11486664
11	2015	39.4	119.3	Sugarcane	1	121.6	23.98586231
12	2015	15	117.2	Sugarcane	3	119.3	23.78983894
1	2016	19.3	115.3	Sugarcane	3	117.2	22.59264822
2	2016	22.8	118.9	Sugarcane	3	115.3	34.03376355
3	2016	27.6	123.1	Sugarcane	2	118.9	34.69149858
4	2016	37.4	127.4	Sugarcane	2	123.1	33.52707568
5	2016	62.6	132.1	Sugarcane	2	127.4	26.3753443
6	2016	168.3	136.9	Sugarcane	0	132.1	29.62447189
7	2016	289.1	142.1	Sugarcane	0	136.9	34.36982576
8	2016	256.3	139.7	Sugarcane	0	142.1	22.38631052
9	2016	171.9	136.8	Sugarcane	0	139.7	18.66926116
10	2016	76.1	133.9	Sugarcane	1	136.8	21.03941414
11	2016	29.7	131.3	Sugarcane	1	133.9	25.72724361
12	2016	14.9	129.1	Sugarcane	3	131.3	27.62054752
1	2017	19	126.9	Sugarcane	3	129.1	28.47496599
2	2017	22.6	131.2	Sugarcane	3	126.9	34.10611681
3	2017	27.8	136.1	Sugarcane	2	131.2	32.33487384
4	2017	37.9	141.2	Sugarcane	2	136.1	24.00146566
5	2017	62.4	146.6	Sugarcane	2	141.2	22.30225102
6	2017	168.1	152.3	Sugarcane	0	146.6	27.28853655
7	2017	289.3	158.4	Sugarcane	0	152.3	33.69976264
8	2017	256.2	155.6	Sugarcane	0	158.4	29.42879469
9	2017	171.5	152.3	Sugarcane	0	155.6	20.42439752
10	2017	76.3	149.1	Sugarcane	1	152.3	33.32497942
11	2017	29.9	146.2	Sugarcane	1	149.1	34.43663052
12	2017	15	143.6	Sugarcane	3	146.2	31.57202317
1	2018	19.2	141.1	Sugarcane	3	143.6	22.43119311
2	2018	20.1	146.2	Sugarcane	3	141.1	22.79772844
3	2018	27.1	151.7	Sugarcane	2	146.2	22.10035953
4	2018	40.2	157.4	Sugarcane	2	151.7	20.42137438
5	2018	62.7	163.6	Sugarcane	2	157.4	21.7100609
6	2018	165	170.1	Sugarcane	0	163.6	19.77048325
7	2018	286.3	177.2	Sugarcane	0	170.1	32.24221233
8	2018	254.3	182.6	Sugarcane	0	177.2	25.70291614
9	2018	171.9	179.1	Sugarcane	0	182.6	21.16096376
10	2018	77.2	175.4	Sugarcane	1	179.1	33.61097386
11	2018	28.1	186.3	Sugarcane	1	175.4	21.28221822
12	2018	14.1	193.1	Sugarcane	3	186.3	26.55725141
4	2012	47.5	112.3	Soyabean	2	221.7049383	28.60997498
5	2012	31.7	113.8	Soyabean	2	112.3	29.68749198
6	2012	117.8	115.6	Soyabean	0	113.8	31.87907024
7	2012	250.2	118.9	Soyabean	0	115.6	33.62360001
8	2012	262.4	122.4	Soyabean	0	118.9	29.75509161
9	2012	193.5	124.7	Soyabean	0	122.4	27.64333274
10	2012	58.7	126.9	Soyabean	1	124.7	21.26639715
11	2012	30.7	128.3	Soyabean	1	126.9	22.09927489
12	2012	11.7	129.8	Soyabean	3	128.3	19.39181385
1	2013	11.3	131.6	Soyabean	3	129.8	34.37868999
2	2013	40.1	133.9	Soyabean	3	131.6	20.05789406
3	2013	15.7	136.2	Soyabean	2	133.9	33.22663127
4	2013	30.4	138.7	Soyabean	2	136.2	30.72330098
5	2013	57.8	141.3	Soyabean	2	138.7	30.05461924
6	2013	219.8	144.1	Soyabean	0	141.3	24.89382136
7	2013	310	147.2	Soyabean	0	144.1	27.23503911
8	2013	254.7	149.8	Soyabean	0	147.2	21.7991941
9	2013	152.7	151.6	Soyabean	0	149.8	20.288389
10	2013	129.4	153.9	Soyabean	1	151.6	23.52011847
11	2013	14	156.4	Soyabean	1	153.9	25.89726405
12	2013	6.7	158.7	Soyabean	3	156.4	30.63762712
1	2014	19.2	161.3	Soyabean	3	158.7	20.57478508
2	2014	27.4	163.8	Soyabean	3	161.3	26.87911813
3	2014	36.1	167.2	Soyabean	2	163.8	32.09203163
4	2014	22.2	170.6	Soyabean	2	167.2	27.39445638
5	2014	72.9	173.9	Soyabean	2	170.6	25.83858065
6	2014	95.4	177.4	Soyabean	0	173.9	28.25736842
7	2014	261.2	181.3	Soyabean	0	177.4	27.63800454
8	2014	237.5	184.7	Soyabean	0	181.3	27.13886718
9	2014	188	187.9	Soyabean	0	184.7	30.14490833
10	2014	60.2	190.8	Soyabean	1	187.9	34.86120442
11	2014	14.4	193.4	Soyabean	1	190.8	30.16793738
12	2014	10.7	196.1	Soyabean	3	193.4	25.73305799
1	2015	17.4	199.2	Soyabean	3	196.1	22.72360251
2	2015	21	202.4	Soyabean	3	199.2	25.20746262
3	2015	62	205.8	Soyabean	2	202.4	20.03111474
4	2015	69.4	209.1	Soyabean	2	205.8	33.58340116
5	2015	53.8	212.6	Soyabean	2	209.1	30.90836341
6	2015	192.8	216.3	Soyabean	0	212.6	18.49724728
7	2015	242.4	219.7	Soyabean	0	216.3	31.98622836
8	2015	205.2	222.9	Soyabean	0	219.7	26.49814139
9	2015	131.8	225.8	Soyabean	0	222.9	30.28079136
10	2015	42.9	228.4	Soyabean	1	225.8	27.50349122
11	2015	39.4	231.2	Soyabean	1	228.4	24.81372526
12	2015	15	233.8	Soyabean	3	231.2	20.63614326
1	2016	19.3	236.7	Soyabean	3	233.8	31.16305396
2	2016	22.8	239.5	Soyabean	3	236.7	29.4219821
3	2016	27.6	242.8	Soyabean	2	239.5	19.95205734
4	2016	37.4	245.9	Soyabean	2	242.8	31.18211497
5	2016	62.6	249.3	Soyabean	2	245.9	32.72806331
6	2016	168.3	252.7	Soyabean	0	249.3	34.2596074
7	2016	289.1	256.1	Soyabean	0	252.7	32.23404009
8	2016	256.3	259.4	Soyabean	0	256.1	23.74636339
9	2016	171.9	262.3	Soyabean	0	259.4	28.36856638
10	2016	76.1	265.1	Soyabean	1	262.3	29.1917491
11	2016	29.7	267.8	Soyabean	1	265.1	31.72786048
12	2016	14.9	270.6	Soyabean	3	267.8	30.55415955
1	2017	19	273.4	Soyabean	3	270.6	18.50688362
2	2017	22.6	276.3	Soyabean	3	273.4	26.7031313
3	2017	27.8	279.1	Soyabean	2	276.3	27.02383884
4	2017	37.9	281.9	Soyabean	2	279.1	27.66366336
5	2017	62.4	284.8	Soyabean	2	281.9	25.96515164
6	2017	168.1	287.6	Soyabean	0	284.8	34.4041989
7	2017	289.3	290.5	Soyabean	0	287.6	34.35946753
8	2017	256.2	293.2	Soyabean	0	290.5	26.2802673
9	2017	171.5	295.8	Soyabean	0	293.2	28.37375767
10	2017	76.3	298.4	Soyabean	1	295.8	26.94159496
11	2017	29.9	300.9	Soyabean	1	298.4	25.97151346
12	2017	15	303.5	Soyabean	3	300.9	27.9085964
1	2018	19.2	306.1	Soyabean	3	303.5	34.35127895
2	2018	20.1	308.7	Soyabean	3	306.1	32.93591247
3	2018	27.1	311.4	Soyabean	2	308.7	18.00144838
4	2018	40.2	314.1	Soyabean	2	311.4	18.52650058
5	2018	62.7	316.9	Soyabean	2	314.1	32.34927578
6	2018	165	319.7	Soyabean	0	316.9	30.70319642
7	2018	286.3	322.5	Soyabean	0	319.7	24.3537909
8	2018	254.3	325.3	Soyabean	0	322.5	20.07078898
9	2018	171.9	327.9	Soyabean	0	325.3	34.50489188
10	2018	77.2	330.6	Soyabean	1	327.9	27.47155008
11	2018	28.1	333.4	Soyabean	1	330.6	28.05165413
12	2018	14.1	336.2	Soyabean	3	333.4	32.81304166
4	2012	47.5	96.4	Rice	2	205.7938272	31.43582292
5	2012	31.7	97.1	Rice	2	96.4	18.59254648
6	2012	117.8	98.6	Rice	0	97.1	29.19560108
7	2012	250.2	100.3	Rice	0	98.6	20.83212298
8	2012	262.4	102.7	Rice	0	100.3	33.39213217
9	2012	193.5	104.2	Rice	0	102.7	30.53064533
10	2012	58.7	105.8	Rice	1	104.2	27.61025044
11	2012	30.7	107.3	Rice	1	105.8	20.72265407
12	2012	11.7	108.9	Rice	3	107.3	27.79347129
1	2013	11.3	110.4	Rice	3	108.9	26.67970498
2	2013	40.1	112.3	Rice	3	110.4	31.56500481
3	2013	15.7	114.6	Rice	2	112.3	28.22802945
4	2013	30.4	116.9	Rice	2	114.6	33.90662854
5	2013	57.8	119.3	Rice	2	116.9	19.22399809
6	2013	219.8	121.9	Rice	0	119.3	26.27597321
7	2013	310	124.8	Rice	0	121.9	24.52827288
8	2013	254.7	127.2	Rice	0	124.8	34.3356519
9	2013	152.7	129.4	Rice	0	127.2	18.43339809
10	2013	129.4	131.7	Rice	1	129.4	26.54811981
11	2013	14	133.9	Rice	1	131.7	28.34875592
12	2013	6.7	136.1	Rice	3	133.9	26.51190391
1	2014	19.2	138.6	Rice	3	136.1	23.45111553
2	2014	27.4	141.2	Rice	3	138.6	18.49924296
3	2014	36.1	144.3	Rice	2	141.2	21.12320488
4	2014	22.2	147.4	Rice	2	144.3	30.34013088
5	2014	72.9	150.6	Rice	2	147.4	27.54477248
6	2014	95.4	153.9	Rice	0	150.6	26.33808194
7	2014	261.2	157.8	Rice	0	153.9	22.53190895
8	2014	237.5	161.3	Rice	0	157.8	28.60787218
9	2014	188	164.6	Rice	0	161.3	25.90050954
10	2014	60.2	167.8	Rice	1	164.6	19.80045852
11	2014	14.4	170.9	Rice	1	167.8	31.47709457
12	2014	10.7	173.8	Rice	3	170.9	25.66682587
1	2015	17.4	177.1	Rice	3	173.8	27.38796537
2	2015	21	180.3	Rice	3	177.1	20.32069014
3	2015	62	183.7	Rice	2	180.3	28.09307032
4	2015	69.4	187.2	Rice	2	183.7	29.44239576
5	2015	53.8	190.8	Rice	2	187.2	31.15452833
6	2015	192.8	194.6	Rice	0	190.8	21.73180493
7	2015	242.4	198.2	Rice	0	194.6	24.23611887
8	2015	205.2	201.6	Rice	0	198.2	26.81326958
9	2015	131.8	204.9	Rice	0	201.6	23.08075998
10	2015	42.9	208.1	Rice	1	204.9	33.70145701
11	2015	39.4	211.4	Rice	1	208.1	32.04764862
12	2015	15	214.6	Rice	3	211.4	32.98871882
1	2016	19.3	217.9	Rice	3	214.6	24.37184095
2	2016	22.8	221.3	Rice	3	217.9	23.72529294
3	2016	27.6	224.8	Rice	2	221.3	26.94693537
4	2016	37.4	228.2	Rice	2	224.8	18.16206499
5	2016	62.6	231.8	Rice	2	228.2	30.31633229
6	2016	168.3	235.4	Rice	0	231.8	24.39739618
7	2016	289.1	239.1	Rice	0	235.4	29.46519706
8	2016	256.3	242.7	Rice	0	239.1	32.1476457
9	2016	171.9	246.2	Rice	0	242.7	18.07812799
10	2016	76.1	249.6	Rice	1	246.2	22.10806874
11	2016	29.7	252.9	Rice	1	249.6	22.38766767
12	2016	14.9	256.3	Rice	3	252.9	33.30835825
1	2017	19	259.7	Rice	3	256.3	27.33990306
2	2017	22.6	263.2	Rice	3	259.7	26.44146399
3	2017	27.8	266.7	Rice	2	263.2	33.79762645
4	2017	37.9	270.1	Rice	2	266.7	22.60453017
5	2017	62.4	273.6	Rice	2	270.1	25.13983307
6	2017	168.1	277.2	Rice	0	273.6	33.19731815
7	2017	289.3	280.8	Rice	0	277.2	19.22413481
8	2017	256.2	284.3	Rice	0	280.8	29.94165875
9	2017	171.5	287.7	Rice	0	284.3	26.52806997
10	2017	76.3	291.1	Rice	1	287.7	22.68687171
11	2017	29.9	294.4	Rice	1	291.1	31.06635934
12	2017	15	297.8	Rice	3	294.4	22.57940204
1	2018	19.2	301.2	Rice	3	297.8	31.93813822
2	2018	20.1	304.7	Rice	3	301.2	21.6505893
3	2018	27.1	308.2	Rice	2	304.7	25.02246828
4	2018	40.2	311.8	Rice	2	308.2	26.27066476
5	2018	62.7	315.4	Rice	2	311.8	25.10785279
6	2018	165	319.1	Rice	0	315.4	28.66897922
7	2018	286.3	322.8	Rice	0	319.1	27.34419837
8	2018	254.3	326.5	Rice	0	322.8	29.62366299
9	2018	171.9	330.1	Rice	0	326.5	34.11986073
10	2018	77.2	333.7	Rice	1	330.1	32.2653534
11	2018	28.1	337.4	Rice	1	333.7	23.49130097
12	2018	14.1	341.1	Rice	3	337.4	34.18809593
4	2012	47.5	87.6	Orange	2	131.3728395	24.97907364
5	2012	31.7	88.9	Orange	2	87.6	25.8236629
6	2012	117.8	90.6	Orange	0	88.9	29.08657734
7	2012	250.2	93.1	Orange	0	90.6	29.86458249
8	2012	262.4	96.3	Orange	0	93.1	27.73540221
9	2012	193.5	94.7	Orange	0	96.3	22.83714575
10	2012	58.7	92.3	Orange	1	94.7	29.08832922
11	2012	30.7	90.6	Orange	1	92.3	20.42750942
12	2012	11.7	89.1	Orange	3	90.6	20.0702049
1	2013	11.3	88.3	Orange	3	89.1	31.68268224
2	2013	40.1	90.2	Orange	3	88.3	21.45778269
3	2013	15.7	92.6	Orange	2	90.2	26.53312313
4	2013	30.4	95.3	Orange	2	92.6	21.06851308
5	2013	57.8	98.4	Orange	2	95.3	25.78527247
6	2013	219.8	101.7	Orange	0	98.4	33.7722737
7	2013	310	105.3	Orange	0	101.7	33.42237751
8	2013	254.7	102.9	Orange	0	105.3	21.16886666
9	2013	152.7	100.1	Orange	0	102.9	23.12285057
10	2013	129.4	97.8	Orange	1	100.1	22.64551076
11	2013	14	96.2	Orange	1	97.8	22.2573134
12	2013	6.7	94.8	Orange	3	96.2	29.56704326
1	2014	19.2	97.1	Orange	3	94.8	21.17091608
2	2014	27.4	99.8	Orange	3	97.1	33.23600397
3	2014	36.1	104.2	Orange	2	99.8	22.84551044
4	2014	22.2	108.6	Orange	2	104.2	24.27552362
5	2014	72.9	112.4	Orange	2	108.6	31.43494933
6	2014	95.4	116.5	Orange	0	112.4	18.88754486
7	2014	261.2	121.6	Orange	0	116.5	32.71083156
8	2014	237.5	125.3	Orange	0	121.6	33.56363966
9	2014	188	122.4	Orange	0	125.3	22.41318194
10	2014	60.2	119.3	Orange	1	122.4	26.5412936
11	2014	14.4	116.6	Orange	1	119.3	34.68422705
12	2014	10.7	114.2	Orange	3	116.6	30.69706342
1	2015	17.4	117.9	Orange	3	114.2	25.18050402
2	2015	21	121.4	Orange	3	117.9	30.35827686
3	2015	62	125.6	Orange	2	121.4	22.67802321
4	2015	69.4	129.8	Orange	2	125.6	28.55850747
5	2015	53.8	134.3	Orange	2	129.8	31.78860934
6	2015	192.8	139.1	Orange	0	134.3	22.60063739
7	2015	242.4	143.6	Orange	0	139.1	33.50283938
8	2015	205.2	141.3	Orange	0	143.6	20.08537343
9	2015	131.8	138.2	Orange	0	141.3	33.18955388
10	2015	42.9	135.4	Orange	1	138.2	23.31119984
11	2015	39.4	132.8	Orange	1	135.4	31.77094062
12	2015	15	130.4	Orange	3	132.8	21.71641312
1	2016	19.3	128.1	Orange	3	130.4	18.39893102
2	2016	22.8	131.8	Orange	3	128.1	29.20697197
3	2016	27.6	136.1	Orange	2	131.8	23.85354675
4	2016	37.4	140.6	Orange	2	136.1	21.76459229
5	2016	62.6	145.4	Orange	2	140.6	25.15148599
6	2016	168.3	150.3	Orange	0	145.4	18.59835729
7	2016	289.1	155.4	Orange	0	150.3	18.83684185
8	2016	256.3	152.6	Orange	0	155.4	22.20271842
9	2016	171.9	149.3	Orange	0	152.6	20.61761713
10	2016	76.1	146.2	Orange	1	149.3	19.25314083
11	2016	29.7	143.4	Orange	1	146.2	31.54604772
12	2016	14.9	140.9	Orange	3	143.4	21.49417544
1	2017	19	138.3	Orange	3	140.9	26.24269182
2	2017	22.6	142.7	Orange	3	138.3	31.22719424
3	2017	27.8	147.6	Orange	2	142.7	29.40593672
4	2017	37.9	152.6	Orange	2	147.6	23.3716752
5	2017	62.4	157.9	Orange	2	152.6	26.41317154
6	2017	168.1	163.4	Orange	0	157.9	31.13264778
7	2017	289.3	169.3	Orange	0	163.4	21.80482291
8	2017	256.2	166.1	Orange	0	169.3	18.60098843
9	2017	171.5	162.4	Orange	0	166.1	32.28307784
10	2017	76.3	158.8	Orange	1	162.4	18.72275367
11	2017	29.9	155.4	Orange	1	158.8	33.79956607
12	2017	15	152.3	Orange	3	155.4	25.74246951
1	2018	19.2	149.4	Orange	3	152.3	33.33476313
2	2018	20.1	154.6	Orange	3	149.4	32.00241931
3	2018	27.1	160.1	Orange	2	154.6	23.42621433
4	2018	40.2	165.8	Orange	2	160.1	22.68317241
5	2018	62.7	171.9	Orange	2	165.8	31.05733447
6	2018	165	178.2	Orange	0	171.9	21.86682446
7	2018	286.3	184.9	Orange	0	178.2	19.23905829
8	2018	254.3	190.4	Orange	0	184.9	24.75671814
9	2018	171.9	186.7	Orange	0	190.4	22.10748731
10	2018	77.2	182.9	Orange	1	186.7	25.51016176
11	2018	28.1	194.1	Orange	1	182.9	18.82129216
12	2018	14.1	200.7	Orange	3	194.1	29.83168979
4	2012	47.5	92.6	Onion	2	134.291358	23.53451803
5	2012	31.7	94.3	Onion	2	92.6	23.07454411
6	2012	117.8	96.8	Onion	0	94.3	27.81332263
7	2012	250.2	99.7	Onion	0	96.8	30.98967392
8	2012	262.4	103.2	Onion	0	99.7	34.73656469
9	2012	193.5	101.4	Onion	0	103.2	22.78654937
10	2012	58.7	98.6	Onion	1	101.4	27.4788021
11	2012	30.7	96.9	Onion	1	98.6	31.04992626
12	2012	11.7	95.2	Onion	3	96.9	33.99537115
1	2013	11.3	94.5	Onion	3	95.2	19.5154433
2	2013	40.1	96.8	Onion	3	94.5	28.65419983
3	2013	15.7	99.3	Onion	2	96.8	31.61299854
4	2013	30.4	102.1	Onion	2	99.3	30.84417199
5	2013	57.8	105.4	Onion	2	102.1	18.91846566
6	2013	219.8	108.9	Onion	0	105.4	26.0378495
7	2013	310	112.7	Onion	0	108.9	34.00693723
8	2013	254.7	110.2	Onion	0	112.7	27.55799081
9	2013	152.7	107.1	Onion	0	110.2	18.41301067
10	2013	129.4	104.6	Onion	1	107.1	32.34965621
11	2013	14	102.8	Onion	1	104.6	20.20907367
12	2013	6.7	101.3	Onion	3	102.8	22.13518279
1	2014	19.2	103.9	Onion	3	101.3	18.55288054
2	2014	27.4	106.8	Onion	3	103.9	29.49319337
3	2014	36.1	111.6	Onion	2	106.8	21.22538569
4	2014	22.2	116.2	Onion	2	111.6	32.51553891
5	2014	72.9	119.8	Onion	2	116.2	31.46728398
6	2014	95.4	123.7	Onion	0	119.8	21.36653368
7	2014	261.2	128.9	Onion	0	123.7	31.69582228
8	2014	237.5	132.6	Onion	0	128.9	21.46805348
9	2014	188	129.4	Onion	0	132.6	29.89714651
10	2014	60.2	126.1	Onion	1	129.4	24.90215426
11	2014	14.4	123.2	Onion	1	126.1	20.3997657
12	2014	10.7	120.7	Onion	3	123.2	32.94734892
1	2015	17.4	124.3	Onion	3	120.7	23.43091266
2	2015	21	127.8	Onion	3	124.3	33.76937881
3	2015	62	131.9	Onion	2	127.8	30.23908341
4	2015	69.4	135.7	Onion	2	131.9	28.58687754
5	2015	53.8	139.8	Onion	2	135.7	23.02214529
6	2015	192.8	144.2	Onion	0	139.8	22.71971222
7	2015	242.4	148.1	Onion	0	144.2	28.86585549
8	2015	205.2	145.6	Onion	0	148.1	30.19326697
9	2015	131.8	142.3	Onion	0	145.6	31.03944001
10	2015	42.9	139.1	Onion	1	142.3	29.13051735
11	2015	39.4	136.2	Onion	1	139.1	18.30971022
12	2015	15	133.7	Onion	3	136.2	24.15646295
1	2016	19.3	131.2	Onion	3	133.7	20.42976396
2	2016	22.8	135.1	Onion	3	131.2	20.97803844
3	2016	27.6	139.4	Onion	2	135.1	34.5218498
4	2016	37.4	143.8	Onion	2	139.4	19.65732468
5	2016	62.6	148.3	Onion	2	143.8	29.15742678
6	2016	168.3	152.9	Onion	0	148.3	33.05711626
7	2016	289.1	157.6	Onion	0	152.9	21.10088637
8	2016	256.3	154.8	Onion	0	157.6	33.75873116
9	2016	171.9	151.2	Onion	0	154.8	27.29411753
10	2016	76.1	147.9	Onion	1	151.2	28.96236678
11	2016	29.7	144.8	Onion	1	147.9	20.32715517
12	2016	14.9	142.1	Onion	3	144.8	23.54182693
1	2017	19	139.4	Onion	3	142.1	29.23962071
2	2017	22.6	143.6	Onion	3	139.4	29.0772225
3	2017	27.8	148.2	Onion	2	143.6	31.72057734
4	2017	37.9	152.7	Onion	2	148.2	26.06584265
5	2017	62.4	157.4	Onion	2	152.7	20.50205162
6	2017	168.1	162.3	Onion	0	157.4	30.49813703
7	2017	289.3	167.4	Onion	0	162.3	27.2297914
8	2017	256.2	164.2	Onion	0	167.4	18.22976549
9	2017	171.5	160.6	Onion	0	164.2	25.72641036
10	2017	76.3	157.1	Onion	1	160.6	32.70638019
11	2017	29.9	153.8	Onion	1	157.1	29.80993808
12	2017	15	150.7	Onion	3	153.8	34.3083688
1	2018	19.2	147.6	Onion	3	150.7	19.59027837
2	2018	20.1	152.3	Onion	3	147.6	34.07080113
3	2018	27.1	157.1	Onion	2	152.3	21.9667148
4	2018	40.2	161.9	Onion	2	157.1	22.00015621
5	2018	62.7	167.2	Onion	2	161.9	20.08426571
6	2018	165	172.6	Onion	0	167.2	32.01355689
7	2018	286.3	178.3	Onion	0	172.6	26.97362019
8	2018	254.3	182.9	Onion	0	178.3	28.67832813
9	2018	171.9	179.6	Onion	0	182.9	31.64178132
10	2018	77.2	176.1	Onion	1	179.6	18.71422745
11	2018	28.1	186.7	Onion	1	176.1	19.42133839
12	2018	14.1	192.8	Onion	3	186.7	30.4168791
4	2012	47.5	94.7	Moong	2	207.8234568	20.65212568
5	2012	31.7	95.3	Moong	2	94.7	26.038815
6	2012	117.8	96.9	Moong	0	95.3	18.43515135
7	2012	250.2	99.2	Moong	0	96.9	28.42845584
8	2012	262.4	102.1	Moong	0	99.2	24.99573431
9	2012	193.5	103.6	Moong	0	102.1	20.80207741
10	2012	58.7	104.9	Moong	1	103.6	25.89514582
11	2012	30.7	106.2	Moong	1	104.9	34.93905091
12	2012	11.7	107.4	Moong	3	106.2	27.65414826
1	2013	11.3	108.8	Moong	3	107.4	27.77768499
2	2013	40.1	110.6	Moong	3	108.8	18.30269117
3	2013	15.7	112.7	Moong	2	110.6	20.14733858
4	2013	30.4	114.9	Moong	2	112.7	24.59833493
5	2013	57.8	117.3	Moong	2	114.9	20.63676673
6	2013	219.8	119.9	Moong	0	117.3	23.71818211
7	2013	310	122.8	Moong	0	119.9	30.39624699
8	2013	254.7	125.3	Moong	0	122.8	28.66636044
9	2013	152.7	127.6	Moong	0	125.3	32.09077797
10	2013	129.4	129.8	Moong	1	127.6	34.87257463
11	2013	14	132.1	Moong	1	129.8	27.52088889
12	2013	6.7	134.3	Moong	3	132.1	23.86138393
1	2014	19.2	136.8	Moong	3	134.3	33.55495573
2	2014	27.4	139.4	Moong	3	136.8	32.40679667
3	2014	36.1	142.7	Moong	2	139.4	22.37780218
4	2014	22.2	145.9	Moong	2	142.7	30.86570812
5	2014	72.9	149.2	Moong	2	145.9	34.89720785
6	2014	95.4	152.7	Moong	0	149.2	19.98615459
7	2014	261.2	156.8	Moong	0	152.7	23.90042562
8	2014	237.5	160.4	Moong	0	156.8	18.56721806
9	2014	188	163.8	Moong	0	160.4	28.97315209
10	2014	60.2	167.1	Moong	1	163.8	34.14597974
11	2014	14.4	170.3	Moong	1	167.1	30.29626975
12	2014	10.7	173.4	Moong	3	170.3	32.47955501
1	2015	17.4	176.9	Moong	3	173.4	26.77180779
2	2015	21	180.3	Moong	3	176.9	18.52405144
3	2015	62	183.9	Moong	2	180.3	32.74854492
4	2015	69.4	187.6	Moong	2	183.9	18.18904219
5	2015	53.8	191.4	Moong	2	187.6	33.14160199
6	2015	192.8	195.3	Moong	0	191.4	26.75690369
7	2015	242.4	199.1	Moong	0	195.3	34.36048976
8	2015	205.2	202.7	Moong	0	199.1	24.03907086
9	2015	131.8	206.2	Moong	0	202.7	18.95427239
10	2015	42.9	209.6	Moong	1	206.2	25.89665511
11	2015	39.4	213.1	Moong	1	209.6	18.14664586
12	2015	15	216.4	Moong	3	213.1	25.84512179
1	2016	19.3	219.9	Moong	3	216.4	23.06075371
2	2016	22.8	223.5	Moong	3	219.9	25.31867694
3	2016	27.6	227.2	Moong	2	223.5	34.40289804
4	2016	37.4	230.8	Moong	2	227.2	21.55791318
5	2016	62.6	234.6	Moong	2	230.8	30.78435406
6	2016	168.3	238.4	Moong	0	234.6	31.89684218
7	2016	289.1	242.3	Moong	0	238.4	33.11210288
8	2016	256.3	246.1	Moong	0	242.3	28.71661336
9	2016	171.9	249.8	Moong	0	246.1	24.62209937
10	2016	76.1	253.4	Moong	1	249.8	31.77875428
11	2016	29.7	256.9	Moong	1	253.4	33.19654753
12	2016	14.9	260.5	Moong	3	256.9	32.08618645
1	2017	19	264.1	Moong	3	260.5	18.8841712
2	2017	22.6	267.8	Moong	3	264.1	22.16126115
3	2017	27.8	271.5	Moong	2	267.8	23.60990654
4	2017	37.9	275.1	Moong	2	271.5	32.04752802
5	2017	62.4	278.8	Moong	2	275.1	33.98332257
6	2017	168.1	282.6	Moong	0	278.8	19.05458977
7	2017	289.3	286.4	Moong	0	282.6	21.93387536
8	2017	256.2	290.1	Moong	0	286.4	26.87275519
9	2017	171.5	293.7	Moong	0	290.1	20.08656396
10	2017	76.3	297.3	Moong	1	293.7	31.05654787
11	2017	29.9	300.8	Moong	1	297.3	34.07638029
12	2017	15	304.4	Moong	3	300.8	20.94537222
1	2018	19.2	308.1	Moong	3	304.4	28.12070022
2	2018	20.1	311.8	Moong	3	308.1	21.30236983
3	2018	27.1	315.6	Moong	2	311.8	23.79901789
4	2018	40.2	319.4	Moong	2	315.6	33.57069531
5	2018	62.7	323.3	Moong	2	319.4	21.30232436
6	2018	165	327.2	Moong	0	323.3	25.7053463
7	2018	286.3	331.1	Moong	0	327.2	31.35556845
8	2018	254.3	335.1	Moong	0	331.1	20.25731179
9	2018	171.9	338.9	Moong	0	335.1	23.92537299
10	2018	77.2	342.7	Moong	1	338.9	27.1338464
11	2018	28.1	346.6	Moong	1	342.7	29.76107326
12	2018	14.1	350.5	Moong	3	346.6	29.93185475
4	2012	71.9	107.1	Corn	2	168	30.31073467
5	2012	33.6	108.7	Corn	2	107.1	22.24148284
6	2012	276.2	110.5	Corn	0	108.7	30.56276333
7	2012	237.6	113	Corn	0	110.5	23.33043188
8	2012	238.8	114.6	Corn	0	113	19.85166501
9	2012	206.5	116.4	Corn	0	114.6	22.34040274
10	2012	68.2	118.8	Corn	1	116.4	21.8998332
11	2012	99.5	121.3	Corn	1	118.8	28.17045177
12	2012	19.6	123.4	Corn	3	121.3	27.20618256
1	2013	36.4	125	Corn	3	123.4	33.12004264
2	2013	34.7	126.9	Corn	3	125	24.57036727
3	2013	24.7	128.5	Corn	3	126.9	28.31054698
4	2013	52.2	130.5	Corn	2	128.5	34.30776919
5	2013	32.7	132.2	Corn	2	130.5	22.91551052
6	2013	281.4	134.5	Corn	0	132.2	31.29078458
7	2013	229.3	136.4	Corn	0	134.5	19.37575925
8	2013	170.8	138.5	Corn	0	136.4	30.17802762
9	2013	231	140.4	Corn	0	138.5	23.78320591
10	2013	114	142.1	Corn	1	140.4	21.92010724
11	2013	105.9	144.4	Corn	1	142.1	25.50955244
12	2013	17.3	146.6	Corn	3	144.4	27.22040542
1	2014	22.8	148.9	Corn	3	146.6	19.13714512
2	2014	15.6	150.7	Corn	3	148.9	22.80707509
3	2014	25.5	152.9	Corn	3	150.7	19.38712014
4	2014	67.3	155	Corn	2	152.9	28.93872082
5	2014	43.5	157.3	Corn	2	155	25.07706244
6	2014	193	158.9	Corn	0	157.3	31.57806203
7	2014	203.3	161	Corn	0	158.9	28.32296648
8	2014	156	162.8	Corn	0	161	27.26618236
9	2014	296.3	165	Corn	0	162.8	29.81722937
10	2014	97.8	167.4	Corn	1	165	34.85931471
11	2014	75.5	169.3	Corn	1	167.4	24.14767731
12	2014	23.1	171.8	Corn	3	169.3	25.94650207
1	2015	22.6	173.7	Corn	3	171.8	21.87636598
2	2015	34	175.4	Corn	3	173.7	32.26984383
3	2015	18	177.9	Corn	3	175.4	29.58123798
4	2015	45.1	180.2	Corn	2	177.9	25.61603759
5	2015	70	182.5	Corn	2	180.2	33.90237297
6	2015	215	184.2	Corn	0	182.5	23.12354001
7	2015	229.9	185.8	Corn	0	184.2	32.52883135
8	2015	252.3	187.6	Corn	0	185.8	32.68215447
9	2015	217.6	189.2	Corn	0	187.6	33.01126159
10	2015	128.7	190.8	Corn	1	189.2	22.06929372
11	2015	103.3	193.2	Corn	1	190.8	26.86409148
12	2015	12	195.4	Corn	3	193.2	34.71764637
1	2016	23	197	Corn	3	195.4	20.72371216
2	2016	29.3	199.3	Corn	3	197	32.26737898
3	2016	17.6	201.3	Corn	3	199.3	28.57747681
4	2016	65.1	202.9	Corn	2	201.3	26.47922741
5	2016	64.7	204.7	Corn	2	202.9	22.20731671
6	2016	180.1	206.8	Corn	0	204.7	19.34011668
7	2016	273	208.4	Corn	0	206.8	25.92420321
8	2016	290.1	210.2	Corn	0	208.4	18.67773541
9	2016	218.6	212.1	Corn	0	210.2	31.34999545
10	2016	72.2	213.9	Corn	1	212.1	31.94414422
11	2016	91.5	216	Corn	1	213.9	26.75700107
12	2016	25.5	217.8	Corn	3	216	21.23963458
1	2017	16.8	220.2	Corn	3	217.8	32.7941937
2	2017	18.2	222.7	Corn	3	220.2	27.73926544
3	2017	12.8	224.9	Corn	3	222.7	27.3023888
4	2017	35.3	227.4	Corn	2	224.9	33.27969084
5	2017	68.3	229.2	Corn	2	227.4	34.86907592
6	2017	278.2	230.7	Corn	0	229.2	20.76574759
7	2017	298.7	232.4	Corn	0	230.7	18.78644063
8	2017	183.6	234.7	Corn	0	232.4	28.75367411
9	2017	203.5	236.7	Corn	0	234.7	30.80141263
10	2017	47.7	238.3	Corn	1	236.7	23.47348408
11	2017	43	    240	    Corn	1	238.3	30.49163416
12	2017	12.2	242 	Corn	3	240	28.38048287
1	2018	22.1	244	    Corn	3	242	32.37829228
2	2018	29.2	246.2	Corn	3	244	33.67917114
3	2018	11.6	248.5	Corn	3	246.2	22.68967465
4	2018	64.1	250.4	Corn	2	248.5	26.02602157
5	2018	57.8	252	    Corn	2	250.4	24.95990487
6	2018	267.7	253.5	Corn	0	252	25.26526092
7	2018	192	    255.9	Corn	0	253.5	19.70650703
8	2018	251.3	257.8	Corn	0	255.9	19.83034794
9	2018	174.3	260 	Corn	0	257.8	28.02037333
10	2018	68.8	261.9	Corn	1	260	20.7110282
11	2018	107.5	263.8	Corn	1	261.9	22.36438779
12	2018	11.3	265.9	Corn	3	263.8	29.75889864
4	2012	42.5	90	    Carrot	2	140.8	29.89104385
5	2012	31.9	91.8	Carrot	2	90	34.48635749
6	2012	277.1	93.6	Carrot	0	91.8	22.56986285
7	2012	176.9	95.3	Carrot	0	93.6	21.23667442
8	2012	196	    97.7	Carrot	0	95.3	19.72991887
9	2012	262.3	99.2	Carrot	0	97.7	33.26323655
10	2012	35.4	101.3	Carrot	1	99.2	24.408378
11	2012	100.3	103	    Carrot	1	101.3	22.60327142
12	2012	19.2	104.5	Carrot	3	103 	27.18855095
1	2013	32.3	106.6	Carrot	3	104.5	23.2726944
2	2013	26.7	108.4	Carrot	3	106.6	20.24995001
3	2013	18.4	110.2	Carrot	3	108.4	34.57759026
4	2013	74	    111.8	Carrot	2	110.2	28.60263472
5	2013	65.4	114.1	Carrot	2	111.8	33.687094
6	2013	218.1	116.6	Carrot	0	114.1	32.45731487
7	2013	235.1	118.7	Carrot	0	116.6	26.72952605
8	2013	282.5	120.8	Carrot	0	118.7	24.21973291
9	2013	272.7	123	Carrot	0	120.8	20.76841834
10	2013	91	    125.2	Carrot	1	123	33.06815485
11	2013	126.2	126.8	Carrot	1	125.2	29.78271038
12	2013	26.9	129.3	Carrot	3	126.8	31.527918
1	2014	12.7	131.2	Carrot	3	129.3	34.52921043
2	2014	27.5	133.6	Carrot	3	131.2	19.46083745
3	2014	17.8	135.8	Carrot	3	133.6	34.47144088
4	2014	58.7	137.9	Carrot	2	135.8	30.5875597
5	2014	53.9	139.9	Carrot	2	137.9	27.7115049
6	2014	263.2	141.6	Carrot	0	139.9	21.69053256
7	2014	220 	143.9	Carrot	0	141.6	21.86180716
8	2014	304.9	146.3	Carrot	0	143.9	28.93292085
9	2014	207.4	148.2	Carrot	0	146.3	23.6540418
10	2014	126.6	149.9	Carrot	1	148.2	28.8928654
11	2014	99.2	152.3	Carrot	1	149.9	32.3118695
12	2014	21.1	154.1	Carrot	3	152.3	21.76993655
1	2015	39.2	155.9	Carrot	3	154.1	30.25318328
2	2015	32.6	157.6	Carrot	3	155.9	21.46262791
3	2015	19.6	159.6	Carrot	3	157.6	30.58463229
4	2015	65	    162	Carrot	2	159.6	30.85180081
5	2015	44.9	163.7	Carrot	2	162	25.1754081
6	2015	219.7	165.8	Carrot	0	163.7	23.68207778
7	2015	222.8	167.9	Carrot	0	165.8	24.68567281
8	2015	303.9	169.5	Carrot	0	167.9	22.51031463
9	2015	188.2	171.6	Carrot	0	169.5	30.73439772
10	2015	116	    173.3	Carrot	1	171.6	30.12860514
11	2015	35.6	175.3	Carrot	1	173.3	28.58842283
12	2015	20	    177.2	Carrot	3	175.3	19.9908975
1	2016	27.7	179.3	Carrot	3	177.2	30.5012003
2	2016	15.8	181.5	Carrot	3	179.3	25.4149168
3	2016	22.8	183.6	Carrot	3	181.5	22.64274109
4	2016	42.5	185.7	Carrot	2	183.6	19.8332756
5	2016	34	    188.2	Carrot	2	185.7	27.10997749
6	2016	303.5	190.6	Carrot	0	188.2	28.50594778
7	2016	283.7	192.4	Carrot	0	190.6	25.26302345
8	2016	216.2	194.8	Carrot	0	192.4	31.45867432
9	2016	252.1	196.8	Carrot	0	194.8	31.03348246
10	2016	129	    199.2	Carrot	1	196.8	23.75946207
11	2016	86	     201.3	Carrot	1	199.2	19.74460285
12	2016	24.8	203.2	Carrot	3	201.3	32.37309647
1	2017	37.4	205.6	Carrot	3	203.2	31.83737909
2	2017	17.7	207.9	Carrot	3	205.6	22.12094584
3	2017	31.6	209.9	Carrot	3	207.9	18.53431697
4	2017	71.3	212.1	Carrot	2	209.9	20.70598116
5	2017	46.8	213.8	Carrot	2	212.1	22.07773065
6	2017	284.1	215.9	Carrot	0	213.8	22.73396719
7	2017	319.1	217.9	Carrot	0	215.9	34.4199759
8	2017	153.1	219.8	Carrot	0	217.9	33.10754153
9	2017	153.7	221.5	Carrot	0	219.8	20.84031446
10	2017	86.9	223.1	Carrot	1	221.5	34.26300662
11	2017	118.2	224.8	Carrot	1	223.1	29.60639928
12	2017	28	    227	Carrot	3	224.8	21.18560066
1	2018	29.9	228.7	Carrot	3	227	20.33451992
2	2018	30.4	231.1	Carrot	3	228.7	24.60433323
3	2018	38.6	232.8	Carrot	3	231.1	33.72904477
4	2018	73.1	234.4	Carrot	2	232.8	34.10191731
5	2018	66.4	236.6	Carrot	2	234.4	33.64198655
6	2018	157.7	238.7	Carrot	0	236.6	20.01955383
7	2018	250	    240.6	Carrot	0	238.7	28.17384458
8	2018	276.1	242.9	Carrot	0	240.6	32.44367434
9	2018	292.9	245.2	Carrot	0	242.9	33.3148344
10	2018	26.1	247.3	Carrot	1	245.2	19.92831079
11	2018	36.3	248.9	Carrot	1	247.3	34.82110826
12	2018	12.4	251.4	Carrot	3	248.9	29.79854958
4	2012	63.8	113.8	Bajra	2	179.2	24.86270223
5	2012	74.3	116.2	Bajra	2	113.8	21.65147239
6	2012	233.5	118.6	Bajra	0	116.2	26.9861424
7	2012	283.6	120.9	Bajra	0	118.6	29.47923331
8	2012	258	    123.1	Bajra	0	120.9	28.22442825
9	2012	247.9	125.5	Bajra	0	123.1	34.14122634
10	2012	46.5	127.8	Bajra	1	125.5	32.46134521
11	2012	41.3	130.1	Bajra	1	127.8	26.70108661
12	2012	38.5	132	Bajra	3	130.1	25.61831296
1	2013	26.5	133.6	Bajra	3	132	32.84699157
2	2013	29.3	135.5	Bajra	3	133.6	25.43296427
3	2013	14.2	137.3	Bajra	3	135.5	20.13993835
4	2013	58.8	139.4	Bajra	2	137.3	30.67684076
5	2013	57.7	140.9	Bajra	2	139.4	33.01463738
6	2013	198.8	142.9	Bajra	0	140.9	26.18911799
7	2013	309.1	144.4	Bajra	0	142.9	22.65260806
8	2013	216.6	146.6	Bajra	0	144.4	29.8249821
9	2013	166.9	148.9	Bajra	0	146.6	31.68763447
10	2013	93.7	150.9	Bajra	1	148.9	23.25320095
11	2013	70.1	153.3	Bajra	1	150.9	29.31591407
12	2013	17.4	155.5	Bajra	3	153.3	18.55027486
1	2014	14.1	157.1	Bajra	3	155.5	34.11732993
2	2014	37.7	159.4	Bajra	3	157.1	33.53238575
3	2014	32.7	161.3	Bajra	3	159.4	28.45647846
4	2014	66.8	162.8	Bajra	2	161.3	34.90743086
5	2014	41.7	165	Bajra	2	162.8	31.65912913
6	2014	298.3	167.1	Bajra	0	165	29.23068391
7	2014	238.8	168.7	Bajra	0	167.1	23.69051156
8	2014	290.5	170.2	Bajra	0	168.7	18.00533746
9	2014	164.9	172.4	Bajra	0	170.2	28.52293424
10	2014	92	    174.5	Bajra	1	172.4	32.59477495
11	2014	107.5	176.5	Bajra	1	174.5	31.15126917
12	2014	25.5	178.7	Bajra	3	176.5	29.17328408
1	2015	26.2	181	Bajra	3	178.7	19.15007046
2	2015	36.4	183	Bajra	3	181	21.17606657
3	2015	37.2	184.6	Bajra	3	183	24.27292865
4	2015	62.6	187	Bajra	2	184.6	24.58197621
5	2015	57.9	188.9	Bajra	2	187	26.71348669
6	2015	171.3	190.6	Bajra	0	188.9	25.21140014
7	2015	280	    192.9	Bajra	0	190.6	20.41232084
8	2015	296.8	195.3	Bajra	0	192.9	32.56687711
9	2015	152.7	197.6	Bajra	0	195.3	34.24355747
10	2015	127	    199.7	Bajra	1	197.6	33.54248179
11	2015	103.1	202.2	Bajra	1	199.7	32.92740417
12	2015	18.7	204.6	Bajra	3	202.2	32.68004343
1	2016	22.1	206.6	Bajra	3	204.6	31.98259584
2	2016	23.2	208.9	Bajra	3	206.6	23.69922178
3	2016	14.1	210.9	Bajra	3	208.9	33.6795927
4	2016	73.2	213.2	Bajra	2	210.9	32.82777221
5	2016	59.5	215.1	Bajra	2	213.2	26.56792231
6	2016	173.6	217.2	Bajra	0	215.1	31.77673985
7	2016	197.9	219.2	Bajra	0	217.2	34.9985421
8	2016	298.3	221.7	Bajra	0	219.2	30.38983618
9	2016	150.2	223.5	Bajra	0	221.7	26.7319367
10	2016	126	    225.9	Bajra	1	223.5	28.03552166
11	2016	123.4	227.7	Bajra	1	225.9	24.10880668
12	2016	20.6	229.4	Bajra	3	227.7	33.46203999
1	2017	14.9	231.9	Bajra	3	229.4	29.58013692
2	2017	20.7	233.6	Bajra	3	231.9	28.38048601
3	2017	24.1	236	Bajra	3	233.6	20.81086301
4	2017	66.5	238.4	Bajra	2	236	19.26455413
5	2017	74.4	240	Bajra	2	238.4	23.92282567
6	2017	318.6	241.7	Bajra	0	240	21.34773666
7	2017	189.2	243.9	Bajra	0	241.7	26.07417257
8	2017	191.9	245.6	Bajra	0	243.9	24.40489554
9	2017	311	    247.6	Bajra	0	245.6	21.01957992
10	2017	111.9	249.5	Bajra	1	247.6	21.14151796
11	2017	106.8	251.4	Bajra	1	249.5	32.91143492
12	2017	18.4	253.3	Bajra	3	251.4	20.56951223
1	2018	18.9	255.1	Bajra	3	253.3	31.95445008
2	2018	14.9	257.1	Bajra	3	255.1	18.35505301
3	2018	32.5	258.8	Bajra	3	257.1	30.89505245
4	2018	50.4	260.5	Bajra	2	258.8	24.62904996
5	2018	42.1	262.6	Bajra	2	260.5	22.5240119
6	2018	201.8	264.6	Bajra	0	262.6	20.82885831
7	2018	307	    266.7	Bajra	0	264.6	25.94696557
8	2018	193.3	268.3	Bajra	0	266.7	29.95775826
9	2018	186.8	270	Bajra	0	268.3	28.89904288
10	2018	27.3	272.3	Bajra	1	270	28.33964622
11	2018	109.4	274.7	Bajra	1	272.3	29.8856854
12	2018	31.5	277.2	Bajra	3	274.7	30.29112625
4	2012	37.5	126.9	Cotton	2	200	23.47608018
5	2012	33.7	129.3	Cotton	2	126.9	21.60124016
6	2012	303	    131.6	Cotton	0	129.3	19.2125579
7	2012	188.3	133.7	Cotton	0	131.6	34.10910161
8	2012	255.6	135.2	Cotton	0	133.7	22.90532471
9	2012	249.5	137	Cotton	0	135.2	20.12171099
10	2012	52.7	139.3	Cotton	1	137	20.18180743
11	2012	73	    141.7	Cotton	1	139.3	28.41540287
12	2012	14.1	143.9	Cotton	3	141.7	33.06968993
1	2013	37.3	146.1	Cotton	3	143.9	33.85741994
2	2013	28.3	147.7	Cotton	3	146.1	22.33886356
3	2013	30.5	149.9	Cotton	3	147.7	21.17221668
4	2013	58.8	151.4	Cotton	2	149.9	22.82579245
5	2013	32.1	153.3	Cotton	2	151.4	33.9665265
6	2013	188.5	155.2	Cotton	0	153.3	25.62269923
7	2013	265.5	157.1	Cotton	0	155.2	32.18461327
8	2013	284	    159.5	Cotton	0	157.1	21.02986342
9	2013	162.7	161.8	Cotton	0	159.5	30.75541351
10	2013	81.2	163.3	Cotton	1	161.8	33.31373096
11	2013	119.7	165.1	Cotton	1	163.3	31.20220188
12	2013	30	    167.2	Cotton	3	165.1	26.15275545
1	2014	31.8	169.5	Cotton	3	167.2	34.81438107
2	2014	33	    171	Cotton	3	169.5	34.86617821
3	2014	38.3	173.3	Cotton	3	171	21.95101849
4	2014	67.6	174.9	Cotton	2	173.3	23.71793022
5	2014	65.8	176.6	Cotton	2	174.9	33.36137869
6	2014	271.3	178.2	Cotton	0	176.6	20.81559698
7	2014	160.6	180	Cotton	0	178.2	18.95975768
8	2014	198.2	181.9	Cotton	0	180	34.08902095
9	2014	294	    183.5	Cotton	0	181.9	23.59380126
10	2014	100.7	185.4	Cotton	1	183.5	27.65200302
11	2014	28.3	187.7	Cotton	1	185.4	21.64630442
12	2014	17	    189.7	Cotton	3	187.7	32.171749
1	2015	15.3   	191.9	Cotton	3	189.7	33.61109285
2	2015	29.7	193.5	Cotton	3	191.9	30.01991538
3	2015	33.2	195.4	Cotton	3	193.5	31.55341219
4	2015	68.4	197.4	Cotton	2	195.4	33.67741
5	2015	46	    199.1	Cotton	2	197.4	26.54694013
6	2015	226	    201.5	Cotton	0	199.1	26.46543125
7	2015	289.3	203.1	Cotton	0	201.5	26.93390477
8	2015	177.6	204.9	Cotton	0	203.1	21.23125341
9	2015	253.6	207	Cotton	0	204.9	23.69559121
10	2015	105	    208.6	Cotton	1	207	27.95436707
11	2015	92.5	210.7	Cotton	1	208.6	32.82735048
12	2015	34.4	212.3	Cotton	3	210.7	32.44733163
1	2016	21.3	214	Cotton	3	212.3	34.85669827
2	2016	21.5	215.9	Cotton	3	214	27.4160454
3	2016	29.1	217.9	Cotton	3	215.9	25.54312863
4	2016	38.9	220	Cotton	2	217.9	25.42496184
5	2016	73.5	221.8	Cotton	2	220	25.54703131
6	2016	304.4	224.1	Cotton	0	221.8	21.60711324
7	2016	213.3	226	Cotton	0	224.1	33.14012273
8	2016	290	    228.4	Cotton	0	226	19.47508114
9	2016	187.5	230.1	Cotton	0	228.4	24.33425184
10	2016	30.1	232.3	Cotton	1	230.1	18.02729503
11	2016	39	    234.7	Cotton	1	232.3	28.18801422
12	2016	29.4	236.3	Cotton	3	234.7	24.83629248
1	2017	13.6	238.6	Cotton	3	236.3	27.81498477
2	2017	25.3	240.3	Cotton	3	238.6	28.89376473
3	2017	29.4	242.1	Cotton	3	240.3	32.55908146
4	2017	67.7	244.2	Cotton	2	242.1	28.5611668
5	2017	44.1	246.1	Cotton	2	244.2	27.27576276
6	2017	243.6	247.8	Cotton	0	246.1	21.20510185
7	2017	182.8	249.7	Cotton	0	247.8	23.07581892
8	2017	228.2	251.9	Cotton	0	249.7	27.18755846
9	2017	253.2	254.3	Cotton	0	251.9	29.72820755
10	2017	97.2	255.8	Cotton	1	254.3	19.23550028
11	2017	52.1	257.4	Cotton	1	255.8	25.31253902
12	2017	34	    259.6	Cotton	3	257.4	20.48274663
1	2018	20.8	261.4	Cotton	3	259.6	33.44048191
2	2018	27.5	262.9	Cotton	3	261.4	30.37969625
3	2018	29.7	265.3	Cotton	3	262.9	25.39413668
4	2018	64.3	266.9	Cotton	2	265.3	21.84047651
5	2018	48.8	268.9	Cotton	2	266.9	22.01439201
6	2018	238.8	270.8	Cotton	0	268.9	26.34717128
7	2018	176.6	272.9	Cotton	0	270.8	29.85372964
8	2018	289.1	274.9	Cotton	0	272.9	29.21910832
9	2018	237.6	277	Cotton	0	274.9	21.65942266
10	2018	124.2	279	Cotton	1	277	32.85260342
11	2018	90.9	280.8	Cotton	1	279	20.39337296
12	2018	34.9	282.6	Cotton	3	280.8	20.35665778
4	2012	61.2	110.3	Jowar	2	172.8	32.20366356
5	2012	59	    112	Jowar	2	110.3	20.48736824
6	2012	150.4	114.4	Jowar	0	112	33.44307744
7	2012	308.5	116.6	Jowar	0	114.4	18.89216354
8	2012	267.6	118.2	Jowar	0	116.6	31.33277803
9	2012	233.8	120	Jowar	0	118.2	21.10994937
10	2012	83.4	122.2	Jowar	1	120	32.37464097
11	2012	47.9	124.6	Jowar	1	122.2	32.06938479
12	2012	35.7	126.3	Jowar	3	124.6	23.32801237
1	2013	11.1	128	Jowar	3	126.3	29.04149758
2	2013	25.5	130.1	Jowar	3	128	25.65322602
3	2013	14.3	132.6	Jowar	3	130.1	24.00833197
4	2013	73.1	134.3	Jowar	2	132.6	25.40936593
5	2013	46.8	136.1	Jowar	2	134.3	29.09570354
6	2013	271.6	138.4	Jowar	0	136.1	23.35358045
7	2013	256	    139.9	Jowar	0	138.4	26.90751969
8	2013	312.1	141.5	Jowar	0	139.9	29.76711014
9	2013	294.5	143.7	Jowar	0	141.5	27.47678679
10	2013	112.2	145.8	Jowar	1	143.7	32.69665217
11	2013	108.6	147.7	Jowar	1	145.8	24.59281543
12	2013	17.1	149.7	Jowar	3	147.7	32.34118148
1	2014	28	    151.8	Jowar	3	149.7	18.01313965
2	2014	26.6	153.8	Jowar	3	151.8	27.46922667
3	2014	19.2	156.2	Jowar	3	153.8	26.9331649
4	2014	37.4	157.8	Jowar	2	156.2	21.22426924
5	2014	54.2	159.8	Jowar	2	157.8	25.72184823
6	2014	239.6	161.8	Jowar	0	159.8	32.72955943
7	2014	189.4	163.6	Jowar	0	161.8	34.89131682
8	2014	219.2	165.4	Jowar	0	163.6	25.19026734
9	2014	167.7	167.1	Jowar	0	165.4	33.82742209
10	2014	88.4	168.9	Jowar	1	167.1	28.98273796
11	2014	52.4	171.1	Jowar	1	168.9	22.99512644
12	2014	29.2	173.5	Jowar	3	171.1	31.17397339
1	2015	21.2	175.1	Jowar	3	173.5	31.6754368
2	2015	25.4	177.2	Jowar	3	175.1	33.71500215
3	2015	32.6	178.9	Jowar	3	177.2	31.87341491
4	2015	32.8	180.6	Jowar	2	178.9	18.99520564
5	2015	73.4	182.2	Jowar	2	180.6	21.5891765
6	2015	283.5	183.8	Jowar	0	182.2	27.14224921
7	2015	207.4	186.3	Jowar	0	183.8	23.80215726
8	2015	275.9	188.2	Jowar	0	186.3	29.77847812
9	2015	160.7	190.3	Jowar	0	188.2	24.2505891
10	2015	95.3	191.8	Jowar	1	190.3	32.59727927
11	2015	130	    194.1	Jowar	1	191.8	24.09960612
12	2015	34.4	196.1	Jowar	3	194.1	29.26341141
1	2016	28  	198.1	Jowar	3	196.1	22.63377014
2	2016	38.1	200.2	Jowar	3	198.1	21.56967172
3	2016	10.2	202.4	Jowar	3	200.2	23.31899164
4	2016	37.7	204.2	Jowar	2	202.4	32.54450401
5	2016	73.8	206.3	Jowar	2	204.2	23.84261452
6	2016	151.4	208.7	Jowar	0	206.3	34.60847946
7	2016	216.9	211.1	Jowar	0	208.7	24.55991248
8	2016	310.8	213.3	Jowar	0	211.1	27.31494387
9	2016	203.1	215.1	Jowar	0	213.3	18.71960146
10	2016	102.4	217.5	Jowar	1	215.1	30.95474466
11	2016	83.8	219.4	Jowar	1	217.5	27.29397363
12	2016	22.1	221	Jowar	3	219.4	19.31919831
1	2017	39.2	222.7	Jowar	3	221	29.69031447
2	2017	35.8	225.2	Jowar	3	222.7	25.18229401
3	2017	35.8	227.2	Jowar	3	225.2	33.27714071
4	2017	70.6	229.6	Jowar	2	227.2	25.33615578
5	2017	70.7	231.3	Jowar	2	229.6	24.71799037
6	2017	310.7	233.7	Jowar	0	231.3	34.20292452
7	2017	294.4	235.4	Jowar	0	233.7	26.50169166
8	2017	255.4	237.6	Jowar	0	235.4	34.3283501
9	2017	233.8	239.3	Jowar	0	237.6	24.04026196
10	2017	94.2	240.9	Jowar	1	239.3	31.50714163
11	2017	39	    242.5	Jowar	1	240.9	29.2001373
12	2017	39.8	244.7	Jowar	3	242.5	27.07948169
1	2018	33.8	246.9	Jowar	3	244.7	20.96917308
2	2018	14.4	249.1	Jowar	3	246.9	27.20948372
3	2018	18.5	251.1	Jowar	3	249.1	22.23110006
4	2018	58.7	253.2	Jowar	2	251.1	20.58733097
5	2018	40.6	254.9	Jowar	2	253.2	28.24659271
6	2018	303.7	257	Jowar	0	254.9	18.23347413
7	2018	255.3	258.7	Jowar	0	257	19.95879071
8	2018	254.9	261.2	Jowar	0	258.7	20.67617163
9	2018	208.5	263.7	Jowar	0	261.2	22.77835129
10	2018	60	    265.5	Jowar	1	263.7	27.07394759
11	2018	75.8	267.2	Jowar	1	265.5	31.16001893
12	2018	38.9	269.5	Jowar	3	267.2	20.06471437
4	2012	57.4	116.9	Urad	2	184	29.6852679
5	2012	64.3	118.5	Urad	2	116.9	33.47153905
6	2012	310.4	120	Urad	0	118.5	18.04932308
7	2012	224.1	122.4	Urad	0	120	30.00704055
8	2012	264.7	124.6	Urad	0	122.4	29.47481846
9	2012	316.4	126.6	Urad	0	124.6	34.34128467
10	2012	93.5	128.1	Urad	1	126.6	27.1932206
11	2012	100.9	130	Urad	1	128.1	28.36181874
12	2012	14.4	132	Urad	3	130	23.32063476
1	2013	18.8	133.6	Urad	3	132	31.37726307
2	2013	15.3	136	Urad	3	133.6	18.29307702
3	2013	26.3	137.8	Urad	3	136	27.99050007
4	2013	60.6	139.9	Urad	2	137.8	20.9321352
5	2013	70.7	141.5	Urad	2	139.9	31.46357082
6	2013	154.6	143.1	Urad	0	141.5	22.13489501
7	2013	204.9	145.3	Urad	0	143.1	24.87060807
8	2013	236.4	147.8	Urad	0	145.3	26.37945815
9	2013	316.6	149.9	Urad	0	147.8	24.52036743
10	2013	91.9	151.6	Urad	1	149.9	31.91934268
11	2013	32.5	153.2	Urad	1	151.6	27.77701693
12	2013	37.5	154.8	Urad	3	153.2	29.4182682
1	2014	30.8	156.5	Urad	3	154.8	25.41929184
2	2014	13.3	158.6	Urad	3	156.5	26.96490113
3	2014	15.3	160.2	Urad	3	158.6	22.89082031
4	2014	34.9	161.8	Urad	2	160.2	23.95431901
5	2014	46.5	164	Urad	2	161.8	31.1052437
6	2014	305.9	166.2	Urad	0	164	26.00694931
7	2014	188.9	168.4	Urad	0	166.2	29.93341744
8	2014	293.4	169.9	Urad	0	168.4	22.94930761
9	2014	253 	172.3	Urad	0	169.9	28.81814955
10	2014	45.6	174	Urad	1	172.3	31.11696719
11	2014	52.3	175.8	Urad	1	174	22.25902809
12	2014	21	    178.1	Urad	3	175.8	32.72257365
1	2015	17.6	180.2	Urad	3	178.1	23.78424431
2	2015	29.3	182.6	Urad	3	180.2	34.2506179
3	2015	36.6	184.6	Urad	3	182.6	30.64238292
4	2015	42.1	186.7	Urad	2	184.6	27.71608765
5	2015	62.2	188.6	Urad	2	186.7	34.86362327
6	2015	152.9	190.8	Urad	0	188.6	26.43568671
7	2015	207.5	192.5	Urad	0	190.8	21.39254037
8	2015	308.6	194.5	Urad	0	192.5	18.51192944
9	2015	248.3	196.1	Urad	0	194.5	32.23589782
10	2015	78.9	197.8	Urad	1	196.1	26.37833591
11	2015	77.3	199.6	Urad	1	197.8	19.16307566
12	2015	22.2	201.4	Urad	3	199.6	34.43592812
1	2016	22.3	203.2	Urad	3	201.4	22.00406761
2	2016	39.9	205.2	Urad	3	203.2	20.98137186
3	2016	11.7	207.5	Urad	3	205.2	21.91753825
4	2016	41.1	209.9	Urad	2	207.5	29.48587975
5	2016	63.3	211.4	Urad	2	209.9	20.20296911
6	2016	287.3	213.8	Urad	0	211.4	33.14334711
7	2016	271.7	215.7	Urad	0	213.8	22.54308033
8	2016	252.4	217.6	Urad	0	215.7	25.72428265
9	2016	177.1	220	Urad	0	217.6	29.62331985
10	2016	79.3	221.7	Urad	1	220	22.97515986
11	2016	91.3	223.8	Urad	1	221.7	32.92891637
12	2016	35.7	225.5	Urad	3	223.8	26.78676949
1	2017	23.8	227.2	Urad	3	225.5	22.47763073
2	2017	40	    229	Urad	3	227.2	21.26658241
3	2017	23.1	231.5	Urad	3	229	22.61382776
4	2017	57.6	233.5	Urad	2	231.5	31.09506423
5	2017	45.8	235.5	Urad	2	233.5	30.31986046
6	2017	241.3	237.7	Urad	0	235.5	34.72775227
7	2017	211.7	240	Urad	0	237.7	18.85513437
8	2017	312.4	242.4	Urad	0	240	25.71683469
9	2017	251.6	244.7	Urad	0	242.4	26.35095787
10	2017	110.2	246.7	Urad	1	244.7	20.48629992
11	2017	66.5	248.6	Urad	1	246.7	34.58340092
12	2017	22.2	250.6	Urad	3	248.6	26.08740499
1	2018	22.2	252.3	Urad	3	250.6	29.45138484
2	2018	16.5	254.6	Urad	3	252.3	25.54480087
3	2018	12  	256.1	Urad	3	254.6	18.88357159
4	2018	70.2	258.4	Urad	2	256.1	26.65598919
5	2018	59.7	260.1	Urad	2	258.4	19.46564832
6	2018	223.4	262.4	Urad	0	260.1	21.88481875
7	2018	206	    264	Urad	0	262.4	24.36867006
8	2018	150.5	265.6	Urad	0	264	23.88227519
9	2018	158.5	267.3	Urad	0	265.6	31.77982511
10	2018	92.9	269.2	Urad	1	267.3	27.94154661
11	2018	109.6	271.7	Urad	1	269.2	28.00850526
12	2018	31.9	273.7	Urad	3	271.7	22.89712158
4	2012	66.6	112	Masoor	2	176	21.13670403
5	2012	68.8	114.1	Masoor	2	112	34.99593905
6	2012	285.7	116.4	Masoor	0	114.1	21.99750598
7	2012	208.1	118.2	Masoor	0	116.4	25.56069701
8	2012	244.6	120	Masoor	0	118.2	19.62093373
9	2012	165.6	121.8	Masoor	0	120	18.5481019
10	2012	57	    123.9	Masoor	1	121.8	20.92850804
11	2012	70.9	125.6	Masoor	1	123.9	18.35462916
12	2012	20.8	127.5	Masoor	3	125.6	24.41003354
1	2013	21.5	129.2	Masoor	3	127.5	19.63778865
2	2013	18.2	131.4	Masoor	3	129.2	29.53802884
3	2013	35.5	132.9	Masoor	3	131.4	22.06817587
4	2013	50.4	134.6	Masoor	2	132.9	31.48206868
5	2013	52.5	137.1	Masoor	2	134.6	24.45740462
6	2013	251.5	139.3	Masoor	0	137.1	22.10606951
7	2013	255.6	141.1	Masoor	0	139.3	24.02074434
8	2013	215	    143.6	Masoor	0	141.1	31.77234558
9	2013	265.4	145.3	Masoor	0	143.6	29.36521325
10	2013	64.4	147.5	Masoor	1	145.3	31.3579713
11	2013	115.9	149.8	Masoor	1	147.5	21.69035669
12	2013	27.8	151.8	Masoor	3	149.8	32.88900375
1	2014	22.9	154	Masoor	3	151.8	28.41792794
2	2014	13.5	156.3	Masoor	3	154	22.13274532
3	2014	21.9	158.5	Masoor	3	156.3	31.01122913
4	2014	56.9	161	Masoor	2	158.5	30.55697132
5	2014	41.4	162.9	Masoor	2	161	22.1097378
6	2014	184.6	165.4	Masoor	0	162.9	18.59961899
7	2014	318.5	167.5	Masoor	0	165.4	18.78650792
8	2014	277.1	169.5	Masoor	0	167.5	19.52696561
9	2014	171.8	171.5	Masoor	0	169.5	30.29354099
10	2014	109.4	173.7	Masoor	1	171.5	26.59148109
11	2014	39.4	175.9	Masoor	1	173.7	26.33815781
12	2014	18.7	177.7	Masoor	3	175.9	31.8408617
1	2015	20	    179.3	Masoor	3	177.7	21.39045292
2	2015	32.1	181.1	Masoor	3	179.3	27.28054499
3	2015	31.6	182.6	Masoor	3	181.1	25.71219519
4	2015	73.8	184.4	Masoor	2	182.6	25.91355792
5	2015	70.2	186.2	Masoor	2	184.4	30.78271702
6	2015	243.5	188.2	Masoor	0	186.2	19.26534442
7	2015	216.5	189.9	Masoor	0	188.2	20.04585358
8	2015	250.2	191.8	Masoor	0	189.9	22.94365369
9	2015	265.7	193.9	Masoor	0	191.8	18.16885765
10	2015	78.6	195.6	Masoor	1	193.9	28.23810215
11	2015	93.7	197.8	Masoor	1	195.6	23.72654209
12	2015	23.3	199.7	Masoor	3	197.8	23.38826701
1	2016	37.3	201.5	Masoor	3	199.7	31.06490213
2	2016	18.3	203.2	Masoor	3	201.5	26.93893876
3	2016	14.6	205.1	Masoor	3	203.2	25.97643879
4	2016	36.7	207.2	Masoor	2	205.1	33.12889096
5	2016	65.2	209.7	Masoor	2	207.2	34.33952662
6	2016	292.8	212	Masoor	0	209.7	28.25268895
7	2016	284.8	214.3	Masoor	0	212	32.7114478
8	2016	168	    216.5	Masoor	0	214.3	30.47752008
9	2016	283.6	218.2	Masoor	0	216.5	32.00952193
10	2016	43.8	220.2	Masoor	1	218.2	25.77944911
11	2016	45.9	222	Masoor	1	220.2	18.10755752
12	2016	27.2	223.7	Masoor	3	222	18.28031429
1	2017	20.6	225.6	Masoor	3	223.7	29.22790135
2	2017	29.4	227.9	Masoor	3	225.6	19.48482522
3	2017	12.8	230.2	Masoor	3	227.9	18.16298075
4	2017	69.7	232.7	Masoor	2	230.2	32.60869803
5	2017	43.7	235.1	Masoor	2	232.7	28.88983486
6	2017	227.3	236.9	Masoor	0	235.1	23.15315756
7	2017	150.2	238.6	Masoor	0	236.9	34.74470007
8	2017	266.4	240.5	Masoor	0	238.6	24.51543207
9	2017	289.2	242.4	Masoor	0	240.5	31.86579109
10	2017	40.5	244.3	Masoor	1	242.4	22.89602631
11	2017	60.8	246.7	Masoor	1	244.3	28.93720746
12	2017	34.6	248.5	Masoor	3	246.7	22.67978183
1	2018	37.1	250.7	Masoor	3	248.5	24.45661083
2	2018	13.4	253.1	Masoor	3	250.7	23.95006733
3	2018	17.6	254.8	Masoor	3	253.1	34.05214665
4	2018	36	    257.1	Masoor	2	254.8	21.09058133
5	2018	65.9	259.1	Masoor	2	257.1	26.3577297
6	2018	178.3	261.2	Masoor	0	259.1	20.12439279
7	2018	194.6	263.3	Masoor	0	261.2	23.57878308
8	2018	252.1	265.7	Masoor	0	263.3	34.81064791
9	2018	164.5	267.8	Masoor	0	265.7	20.04687186
10	2018	29.7	269.4	Masoor	1	267.8	27.27506904
11	2018	79.3	271.8	Masoor	1	269.4	30.86368774
12	2018	36.4	274.2	Masoor	3	271.8	29.59054461
